<?xml version="1.0" encoding="UTF-8"?>
<tables>
	<CUST>
		<CNO>
			<type>CHARACTER</type>
			<length>2</length>
		</CNO>
		<CNAME>
			<type>CHARACTER</type>
			<length>40</length>
		</CNAME>
		<CITY>
			<type>CHARACTER</type>
			<length>20</length>
		</CITY>
		<time>
			<type>TIME</type>
			<length>mm/dd/yyyy hh:mm:ss</length>
		</time>
	</CUST>
	<S>
		<SNO>
			<type>CHARACTER</type>
			<length>2</length>
		</SNO>
		<SNAME>
			<type>CHARACTER</type>
			<length>10</length>
		</SNAME>
		<QUOTA>
			<type>INTEGER</type>
			<length>10</length>
		</QUOTA>
		<CITY>
			<type>CHARACTER</type>
			<length>20</length>
		</CITY>
		<time>
			<type>TIME</type>
			<length>mm/dd/yyyy hh:mm:ss</length>
		</time>
	</S>
	<PRODCT>
		<PNO>
			<type>CHARACTER</type>
			<length>2</length>
		</PNO>
		<PNAME>
			<type>CHARACTER</type>
			<length>30</length>
		</PNAME>
		<COST>
			<type>NUMBER</type>
			<length>
				<digits>10</digits>
				<decimals>2</decimals>
			</length>
		</COST>
		<AVLQTY>
			<type>INTEGER</type>
			<length>10</length>
		</AVLQTY>
		<time>
			<type>TIME</type>
			<length>mm/dd/yyyy hh:mm:ss</length>
		</time>
	</PRODCT>
	<ORDERS>
		<SNO>
			<type>CHARACTER</type>
			<length>2</length>
		</SNO>
		<PNO>
			<type>CHARACTER</type>
			<length>2</length>
		</PNO>
		<CNO>
			<type>CHARACTER</type>
			<length>2</length>
		</CNO>
		<TTLQTY>
			<type>INTEGER</type>
			<length>10</length>
		</TTLQTY>
		<time>
			<type>TIME</type>
			<length>mm/dd/yyyy hh:mm:ss</length>
		</time>
	</ORDERS>
</tables>